Auto-update on Sun May 25 16:32:48 UTC 2025
Auto-update on Mon May 26 03:35:17 UTC 2025
Auto-update on Tue May 27 03:31:01 UTC 2025
Auto-update on Wed May 28 03:32:21 UTC 2025
Auto-update on Thu May 29 03:33:34 UTC 2025
Auto-update on Fri May 30 03:31:49 UTC 2025
Auto-update on Sat May 31 03:29:43 UTC 2025
Auto-update on Sun Jun  1 03:52:16 UTC 2025
Auto-update on Mon Jun  2 03:41:36 UTC 2025
Auto-update on Tue Jun  3 03:35:27 UTC 2025
Auto-update on Wed Jun  4 03:36:16 UTC 2025
Auto-update on Thu Jun  5 03:36:41 UTC 2025
Auto-update on Fri Jun  6 03:35:54 UTC 2025
Auto-update on Sat Jun  7 03:32:41 UTC 2025
Auto-update on Sun Jun  8 03:41:55 UTC 2025
Auto-update on Mon Jun  9 03:41:52 UTC 2025
Auto-update on Tue Jun 10 03:37:42 UTC 2025
Auto-update on Wed Jun 11 03:37:29 UTC 2025
Auto-update on Thu Jun 12 03:36:23 UTC 2025
Auto-update on Fri Jun 13 03:37:12 UTC 2025
Auto-update on Sat Jun 14 03:31:46 UTC 2025
Auto-update on Sun Jun 15 03:42:05 UTC 2025
Auto-update on Mon Jun 16 03:42:28 UTC 2025
Auto-update on Tue Jun 17 03:37:33 UTC 2025
Auto-update on Wed Jun 18 03:36:49 UTC 2025
Auto-update on Thu Jun 19 03:37:23 UTC 2025
Auto-update on Fri Jun 20 03:36:27 UTC 2025
Auto-update on Sat Jun 21 03:33:10 UTC 2025
Auto-update on Sun Jun 22 03:43:14 UTC 2025
Auto-update on Mon Jun 23 03:45:39 UTC 2025
Auto-update on Tue Jun 24 03:38:31 UTC 2025
Auto-update on Wed Jun 25 03:40:12 UTC 2025
Auto-update on Thu Jun 26 01:24:19 UTC 2025
Auto-update on Fri Jun 27 01:25:11 UTC 2025
Auto-update on Sat Jun 28 01:22:22 UTC 2025
Auto-update on Sun Jun 29 01:41:55 UTC 2025
Auto-update on Mon Jun 30 01:38:23 UTC 2025
Auto-update on Tue Jul  1 01:43:19 UTC 2025
Auto-update on Wed Jul  2 01:24:56 UTC 2025
Auto-update on Thu Jul  3 01:25:00 UTC 2025
Auto-update on Fri Jul  4 01:24:48 UTC 2025
Auto-update on Sat Jul  5 01:21:50 UTC 2025
Auto-update on Sun Jul  6 01:40:25 UTC 2025
Auto-update on Mon Jul  7 01:38:37 UTC 2025
Auto-update on Tue Jul  8 01:25:32 UTC 2025
Auto-update on Wed Jul  9 01:26:34 UTC 2025
Auto-update on Thu Jul 10 01:26:29 UTC 2025
Auto-update on Fri Jul 11 01:27:28 UTC 2025
Auto-update on Sat Jul 12 01:37:45 UTC 2025
Auto-update on Sun Jul 13 01:44:28 UTC 2025
Auto-update on Mon Jul 14 01:40:59 UTC 2025
Auto-update on Tue Jul 15 01:41:10 UTC 2025
Auto-update on Wed Jul 16 01:37:46 UTC 2025
Auto-update on Thu Jul 17 01:38:44 UTC 2025
Auto-update on Fri Jul 18 01:39:15 UTC 2025
Auto-update on Sat Jul 19 01:26:30 UTC 2025
Auto-update on Sun Jul 20 01:46:00 UTC 2025
Auto-update on Mon Jul 21 01:43:42 UTC 2025
Auto-update on Tue Jul 22 01:38:50 UTC 2025
Auto-update on Wed Jul 23 01:39:45 UTC 2025
Auto-update on Thu Jul 24 01:39:04 UTC 2025
Auto-update on Fri Jul 25 01:38:39 UTC 2025
Auto-update on Sat Jul 26 01:27:27 UTC 2025
Auto-update on Sun Jul 27 01:46:31 UTC 2025
Auto-update on Mon Jul 28 01:44:53 UTC 2025
Auto-update on Tue Jul 29 01:50:24 UTC 2025
Auto-update on Wed Jul 30 01:41:17 UTC 2025
Auto-update on Thu Jul 31 01:40:33 UTC 2025
Auto-update on Fri Aug  1 01:50:16 UTC 2025
Auto-update on Sat Aug  2 01:27:25 UTC 2025
Auto-update on Sun Aug  3 01:48:21 UTC 2025
Auto-update on Mon Aug  4 01:48:14 UTC 2025
Auto-update on Tue Aug  5 01:43:20 UTC 2025
Auto-update on Wed Aug  6 01:41:58 UTC 2025
Auto-update on Thu Aug  7 01:41:52 UTC 2025
Auto-update on Fri Aug  8 01:41:37 UTC 2025
Auto-update on Sat Aug  9 01:24:37 UTC 2025
Auto-update on Sun Aug 10 01:45:06 UTC 2025
Auto-update on Mon Aug 11 01:42:11 UTC 2025
Auto-update on Tue Aug 12 01:23:46 UTC 2025
Auto-update on Wed Aug 13 01:25:25 UTC 2025
Auto-update on Thu Aug 14 01:25:35 UTC 2025
Auto-update on Fri Aug 15 01:26:10 UTC 2025
Auto-update on Sat Aug 16 01:22:02 UTC 2025
Auto-update on Sun Aug 17 01:39:31 UTC 2025
Auto-update on Mon Aug 18 01:39:55 UTC 2025
Auto-update on Tue Aug 19 01:21:59 UTC 2025
Auto-update on Wed Aug 20 01:20:13 UTC 2025
Auto-update on Thu Aug 21 01:19:12 UTC 2025
Auto-update on Fri Aug 22 01:19:51 UTC 2025
Auto-update on Sat Aug 23 01:17:23 UTC 2025
Auto-update on Sun Aug 24 01:28:21 UTC 2025
Auto-update on Mon Aug 25 01:23:13 UTC 2025
Auto-update on Tue Aug 26 01:20:54 UTC 2025
Auto-update on Wed Aug 27 01:18:21 UTC 2025
Auto-update on Thu Aug 28 01:17:46 UTC 2025
Auto-update on Fri Aug 29 01:17:54 UTC 2025
Auto-update on Sat Aug 30 01:14:14 UTC 2025
Auto-update on Sun Aug 31 01:22:47 UTC 2025
Auto-update on Mon Sep  1 01:38:31 UTC 2025
Auto-update on Tue Sep  2 01:19:01 UTC 2025
Auto-update on Wed Sep  3 01:14:33 UTC 2025
Auto-update on Thu Sep  4 01:14:21 UTC 2025
Auto-update on Fri Sep  5 01:16:06 UTC 2025
Auto-update on Sat Sep  6 01:14:02 UTC 2025
Auto-update on Sun Sep  7 01:21:24 UTC 2025
Auto-update on Mon Sep  8 01:19:59 UTC 2025
Auto-update on Tue Sep  9 01:17:18 UTC 2025
Auto-update on Wed Sep 10 01:15:16 UTC 2025
Auto-update on Thu Sep 11 01:17:05 UTC 2025
Auto-update on Fri Sep 12 01:13:54 UTC 2025
Auto-update on Sat Sep 13 01:11:14 UTC 2025
Auto-update on Sun Sep 14 01:20:42 UTC 2025
Auto-update on Mon Sep 15 01:21:06 UTC 2025
Auto-update on Tue Sep 16 01:15:03 UTC 2025
Auto-update on Wed Sep 17 01:14:46 UTC 2025
Auto-update on Thu Sep 18 01:14:46 UTC 2025
Auto-update on Fri Sep 19 01:17:13 UTC 2025
Auto-update on Sat Sep 20 01:13:37 UTC 2025
Auto-update on Sun Sep 21 01:22:50 UTC 2025
Auto-update on Mon Sep 22 01:22:02 UTC 2025
Auto-update on Tue Sep 23 01:15:46 UTC 2025
Auto-update on Wed Sep 24 01:16:10 UTC 2025
Auto-update on Thu Sep 25 01:16:56 UTC 2025
Auto-update on Fri Sep 26 01:16:28 UTC 2025
Auto-update on Sat Sep 27 01:13:34 UTC 2025
Auto-update on Sun Sep 28 01:23:45 UTC 2025
Auto-update on Mon Sep 29 01:18:21 UTC 2025
Auto-update on Tue Sep 30 01:17:37 UTC 2025
Auto-update on Wed Oct  1 01:24:56 UTC 2025
Auto-update on Thu Oct  2 01:14:52 UTC 2025
Auto-update on Fri Oct  3 01:14:42 UTC 2025
Auto-update on Sat Oct  4 01:12:41 UTC 2025
Auto-update on Sun Oct  5 01:23:02 UTC 2025
Auto-update on Mon Oct  6 01:17:11 UTC 2025
Auto-update on Tue Oct  7 01:15:54 UTC 2025
Auto-update on Wed Oct  8 01:15:50 UTC 2025
Auto-update on Thu Oct  9 01:16:32 UTC 2025
Auto-update on Fri Oct 10 01:16:40 UTC 2025
Auto-update on Sat Oct 11 01:13:45 UTC 2025
Auto-update on Sun Oct 12 01:20:07 UTC 2025
Auto-update on Mon Oct 13 01:21:28 UTC 2025
Auto-update on Tue Oct 14 01:16:32 UTC 2025
Auto-update on Wed Oct 15 01:18:34 UTC 2025
Auto-update on Thu Oct 16 01:18:08 UTC 2025
Auto-update on Fri Oct 17 01:18:05 UTC 2025
Auto-update on Sat Oct 18 01:14:20 UTC 2025
Auto-update on Sun Oct 19 01:26:36 UTC 2025
Auto-update on Mon Oct 20 01:23:53 UTC 2025
Auto-update on Tue Oct 21 01:19:55 UTC 2025
Auto-update on Wed Oct 22 01:21:29 UTC 2025
Auto-update on Thu Oct 23 01:19:32 UTC 2025
Auto-update on Fri Oct 24 01:15:42 UTC 2025
Auto-update on Sat Oct 25 01:17:03 UTC 2025
Auto-update on Sun Oct 26 01:24:21 UTC 2025
Auto-update on Mon Oct 27 01:25:55 UTC 2025
Auto-update on Tue Oct 28 01:18:17 UTC 2025
Auto-update on Wed Oct 29 01:23:37 UTC 2025
Auto-update on Thu Oct 30 01:23:16 UTC 2025
Auto-update on Fri Oct 31 01:20:36 UTC 2025
Auto-update on Sat Nov  1 01:24:54 UTC 2025
Auto-update on Sun Nov  2 01:25:43 UTC 2025
Auto-update on Mon Nov  3 01:24:21 UTC 2025
Auto-update on Tue Nov  4 01:21:21 UTC 2025
Auto-update on Wed Nov  5 01:22:34 UTC 2025
Auto-update on Thu Nov  6 01:22:03 UTC 2025
Auto-update on Fri Nov  7 01:21:45 UTC 2025
Auto-update on Sat Nov  8 01:17:25 UTC 2025
Auto-update on Sun Nov  9 01:25:02 UTC 2025
Auto-update on Mon Nov 10 01:25:02 UTC 2025
Auto-update on Tue Nov 11 01:22:42 UTC 2025
Auto-update on Wed Nov 12 01:22:08 UTC 2025
Auto-update on Thu Nov 13 01:22:55 UTC 2025
Auto-update on Fri Nov 14 01:22:30 UTC 2025
Auto-update on Sat Nov 15 01:19:58 UTC 2025
Auto-update on Sun Nov 16 01:27:04 UTC 2025
Auto-update on Mon Nov 17 01:22:57 UTC 2025
Auto-update on Tue Nov 18 01:22:05 UTC 2025
Auto-update on Wed Nov 19 01:21:46 UTC 2025
Auto-update on Thu Nov 20 01:20:31 UTC 2025
Auto-update on Fri Nov 21 01:21:15 UTC 2025
Auto-update on Sat Nov 22 01:18:40 UTC 2025
Auto-update on Sun Nov 23 01:40:54 UTC 2025
Auto-update on Mon Nov 24 01:27:15 UTC 2025
Auto-update on Tue Nov 25 01:22:18 UTC 2025
Auto-update on Wed Nov 26 01:22:31 UTC 2025
Auto-update on Thu Nov 27 01:21:20 UTC 2025
Auto-update on Fri Nov 28 01:20:32 UTC 2025
Auto-update on Sat Nov 29 01:20:41 UTC 2025
Auto-update on Sun Nov 30 01:40:22 UTC 2025
Auto-update on Mon Dec  1 01:47:05 UTC 2025
Auto-update on Tue Dec  2 01:23:59 UTC 2025
Auto-update on Wed Dec  3 01:24:17 UTC 2025
Auto-update on Thu Dec  4 01:24:30 UTC 2025
Auto-update on Fri Dec  5 01:24:44 UTC 2025
Auto-update on Sat Dec  6 01:20:28 UTC 2025
Auto-update on Sun Dec  7 01:40:33 UTC 2025
Auto-update on Mon Dec  8 01:24:52 UTC 2025
Auto-update on Tue Dec  9 01:24:29 UTC 2025
Auto-update on Wed Dec 10 01:26:07 UTC 2025
Auto-update on Thu Dec 11 01:27:02 UTC 2025
Auto-update on Fri Dec 12 01:26:37 UTC 2025
Auto-update on Sat Dec 13 01:22:09 UTC 2025
Auto-update on Sun Dec 14 01:40:59 UTC 2025
Auto-update on Mon Dec 15 01:39:13 UTC 2025
Auto-update on Tue Dec 16 01:27:34 UTC 2025
Auto-update on Wed Dec 17 01:22:46 UTC 2025
Auto-update on Thu Dec 18 01:23:25 UTC 2025
Auto-update on Fri Dec 19 01:26:35 UTC 2025
Auto-update on Sat Dec 20 01:22:29 UTC 2025
Auto-update on Sun Dec 21 01:41:13 UTC 2025
Auto-update on Mon Dec 22 01:40:20 UTC 2025
Auto-update on Tue Dec 23 01:26:53 UTC 2025
Auto-update on Wed Dec 24 01:25:52 UTC 2025
Auto-update on Thu Dec 25 01:26:56 UTC 2025
Auto-update on Fri Dec 26 01:26:49 UTC 2025
Auto-update on Sat Dec 27 01:25:11 UTC 2025
Auto-update on Sun Dec 28 01:45:28 UTC 2025
Auto-update on Mon Dec 29 01:44:13 UTC 2025
Auto-update on Tue Dec 30 01:27:21 UTC 2025
Auto-update on Wed Dec 31 01:28:16 UTC 2025
Auto-update on Thu Jan  1 01:46:37 UTC 2026
Auto-update on Fri Jan  2 01:38:50 UTC 2026
Auto-update on Sat Jan  3 01:24:26 UTC 2026
Auto-update on Sun Jan  4 01:46:58 UTC 2026
Auto-update on Mon Jan  5 01:46:52 UTC 2026
Auto-update on Tue Jan  6 01:38:47 UTC 2026
